competitor,country,timestamp,text_content,media_count,media_urls,cta_button,link_url,performance_score,engagement_metrics,ad_details
AG1,GLOBAL,2025-07-17T02:59:45.204974,"AG1 by Athletic Greens
Sponsored
‚ÄºÔ∏èTired of the Supplement Guessing Game? Here's a Smarter Choice‚ÄºÔ∏è

Navigating the supplement aisle can be overwhelming, with countless powders, pills, and gummies making bold claims without solid backing. 
AG1 Next Gen simplifies your routine with a foundational daily supplement grounded in science.

üíö Clinically shown to help close nutrient gaps
ü¶† Five upgraded probiotic strains to support gut health
‚ö° Contains more absorbable forms of key nutrients
ü•Ñ Just one scoop a day‚Äîno pills, no guesswork

Formulated with 75+ ingredients, AG1 Next Gen offers a clinically-backed approach to cover your nutritional bases,especially when dietary intake is reduced.
""AG1 is the best on the market. You can‚Äôt find another company that puts this much effort into continuously improving their product."" ‚Äì Brandon W. ‚≠êÔ∏è‚≠êÔ∏è‚≠êÔ∏è‚≠êÔ∏è‚≠êÔ∏è

‚Ä† Based on clinical studies in healthy adults ages 18‚Äì59, evaluating nutrient biomarkers, microbiome shifts, and bioavailability. Study designs and durations varied. Please visit the AG1 website for additional information.
0:00 / 0:42
Try This Clinically Backed Daily Routine
50k verified 5-star reviews for AG1 products
Shop Now",2,https://scontent.fkul8-3.fna.fbcdn.net/v/t39.35426-6/513825684_1102355048491751_6591171413134212674_n.jpg?stp=dst-jpg_s60x60_tt6&_nc_cat=105&ccb=1-7&_nc_sid=c53f8f&_nc_ohc=loNC13GUcm8Q7kNvwEVCjV2&_nc_oc=AdkX5b67nffYnvcDrfB7HBgMRgarfFdHhuXGhMc_QLKZS2ZxYBPICtdgqfH7f4eSbuDIUF7V7rNdf2lgp8njuCQH&_nc_zt=14&_nc_ht=scontent.fkul8-3.fna&_nc_gid=0FSFvcJm-P7uutgyYv74Xw&oh=00_AfThDFManQYZOKdwP4G7IMotwz7ez7IZtT93MaE2xzWjWw&oe=687DDAD8|https://video.fkul8-3.fna.fbcdn.net/v/t42.1790-2/514380673_1155893653222105_5710926670834983082_n.mp4?_nc_cat=104&ccb=1-7&_nc_sid=c53f8f&_nc_ohc=hJT84PtnPLEQ7kNvwGq89V7&_nc_oc=AdlpQg34d8TxSZLj1v7PntwYiQIQTdbcHxNLkpsDQmsQIHA8DvPv7nw3gopEYHh0NAqKCergX5jljDBGXwPsuxBh&_nc_zt=28&_nc_ht=video.fkul8-3.fna&_nc_gid=0FSFvcJm-P7uutgyYv74Xw&oh=00_AfQSuFuKjBc8NDLkg8uBvPjxfn3Td4fHZEw-NtFpqSnKhA&oe=687DC421,,,246.2,{},{}
AG1,GLOBAL,2025-07-17T02:59:45.126765,"dan_churchill
with
AG1 by Athletic Greens
Sponsored
Feeling off your game? AG1 Next Gen helps support steady energy and focus from the first tee to the final putt ‚Äî thanks to bioavailable nutrients and essential B vitamins, backed by clinical research.

‚ö° Steady energy, no mid-round crash
‚õ≥ Clinically shown to help fill key nutrient gaps‚Ä†
ü•Ñ One scoop replaces a cluttered supplement routine
üèåÔ∏è‚Äç‚ôÇÔ∏è Lightweight, easy to travel with on tournament days or golf trips

Subscribe today and get:
‚úîÔ∏è 5 FREE Travel Packs
‚úîÔ∏è FREE Vitamin D3+K2 Drops
‚úîÔ∏è FREE Canister + Shaker

‚Ä† Based on clinical studies in healthy adults ages 18‚Äì59, evaluating nutrient biomarkers, microbiome shifts, and bioavailability. Study designs and durations varied. For more information, visit our website.
0:00 / 0:34
Fuel Every Round. Backed by Science.
Trusted by 50,000+ verified 5-star reviewers
Shop Now",2,https://scontent.cdninstagram.com/v/t51.2885-19/419294587_342834138581011_3765640662355628629_n.jpg?stp=dst-jpg_s206x206_tt6&_nc_cat=100&ccb=1-7&_nc_sid=525117&_nc_ohc=hHoyWF513cUQ7kNvwGFNU2x&_nc_oc=Adky66cLZ6n5I5aRmgQHnYQNre4mb5rfJBGFSyGroeVULOC7VB9UOO16HYIDR6nNoMXW4b3pYXf7bTk_Rkyi2bPa&_nc_zt=24&_nc_ht=scontent.cdninstagram.com&oh=00_AfQzi9_De2d9SKoZNw6U8IDjL87sqZexpJkFZRPyxKneEQ&oe=687DD0E1|https://video.fkul8-5.fna.fbcdn.net/v/t42.1790-2/510602866_2181238432306233_8565528569281176596_n.mp4?_nc_cat=103&ccb=1-7&_nc_sid=c53f8f&_nc_ohc=xdivC17IR0YQ7kNvwEE_B21&_nc_oc=AdlsFNRUkBYtSHq6qEEI5ZOV0oxHipFtbhbcPqjDDaI9qvOfXCUK4uyIl-_v_-LBBc2DlZXW6sOHMsHNJ1Zohwge&_nc_zt=28&_nc_ht=video.fkul8-5.fna&_nc_gid=0FSFvcJm-P7uutgyYv74Xw&oh=00_AfQtf92_TFl4q_mTxo6rI9kWtvmx8LAbsMo1Djlg5YcJJw&oe=687DAE58,,,185.6,{},{}
AG1,GLOBAL,2025-07-17T02:59:43.043168,"Costconew
with
AG1 by Athletic Greens
Sponsored
Tried a sample of @drinkag1 at Costco today and‚Ä¶ WOW. This green drink is packed with 75 vitamins, minerals, probiotics, and superfoods everything I‚Äôve been trying to take separately, now in just one scoop üôåüíö It‚Äôs a once-a-day drink that helps support energy, digestion, and overall wellness and I genuinely loved how easy it was to mix and drink. The best part? This 40-count Travel Pack is available only at Costco and it‚Äôs such a great value.If you‚Äôve been curious about AG1 or looking for a way to simplify your supplement routine, this is it. I grabbed one right after sampling and it‚Äôs now part of my daily routine!
üìçAvailable now in select Costco warehouses nationwide üõí Check your local store and don‚Äôt wait this one‚Äôs going fast!

#ad #AG1atCostco #CostcoFinds #AG1Daily #CostcoHaul #WellnessMadeEasy
0:00 / 0:28",2,https://scontent.fkul8-1.fna.fbcdn.net/v/t39.35426-6/518386033_1406523857069744_8120517580855243968_n.jpg?stp=dst-jpg_s60x60_tt6&_nc_cat=111&ccb=1-7&_nc_sid=c53f8f&_nc_ohc=QM9KD0Vcuq8Q7kNvwHWJPPX&_nc_oc=Adls6gT1FRUEh156aOW_d-f1Q97mqrgEmz50zAWzBijJ5ypjPpl7sPWdRW6k9Wu6djR-dcWTkZ0c-X-GzEipeyZC&_nc_zt=14&_nc_ht=scontent.fkul8-1.fna&_nc_gid=2OsJHGundpxgfH6jpZ5eIQ&oh=00_AfQK1d3aUlttKBvLiK-PxtbcCvq_GQX2ZjNdZpyHNf0byg&oe=687DC10D|https://video.fkul8-3.fna.fbcdn.net/v/t42.1790-2/517450634_1092470672810064_9025263136823214552_n.?_nc_cat=104&ccb=1-7&_nc_sid=c53f8f&_nc_ohc=IV8vg8t3lK4Q7kNvwFN421y&_nc_oc=Adl-du4tWC9YY2Kg-9hXcX7vjXTGWF2TxsxjiwnipCWFXR4uomRZtNkxusyAX8mgYu6vTsPu9AMnwJlS-KqZKy5N&_nc_zt=28&_nc_ht=video.fkul8-3.fna&_nc_gid=2OsJHGundpxgfH6jpZ5eIQ&oh=00_AfQBz6At1y5PnmD5yRUJoQWBHc_W_ZZHko0mLvJDWEpzTQ&oe=687DDB39,,,183.8,{},{}
AG1,GLOBAL,2025-07-17T02:59:45.540078,"AG1 by Athletic Greens
Sponsored
üö® The Next Generation of AG1 is HERE üö®
Most supplements aren't clinically-backed, but AG1 Next Gen is.

Backed by four human clinical trials, this new formula raises the standard with upgraded vitamins, minerals, and probiotics.

üíö Clinically shown to fill nutrient gaps
ü¶† Upgraded probiotic strains for gut support
‚ö° Bioavailable nutrients your body can absorb
ü•Ñ Still one scoop, once a day

Get started today & unlock:
‚úîÔ∏è 5 FREE Next Gen Travel Packs
‚úîÔ∏è FREE Bottle Vitamin D3+K2 Drops
‚úîÔ∏è FREE Welcome Kit + Shaker

‚Ä† Based on clinical studies in healthy adults ages 18‚Äì59, evaluating nutrient biomarkers, microbiome shifts, and bioavailability. Study designs and durations varied. For more information, visit our website.
0:00 / 0:06
Welcome to the Next Gen of Wellness
50k verified 5-star reviews for AG1 products
Get Offer",2,https://scontent.fkul8-3.fna.fbcdn.net/v/t39.35426-6/514717567_1660091148038032_4569703525326723270_n.jpg?stp=dst-jpg_s60x60_tt6&_nc_cat=107&ccb=1-7&_nc_sid=c53f8f&_nc_ohc=zUc0OosdCncQ7kNvwEBkUDy&_nc_oc=Adly9cOdl_DUJVGO3zmvt9C944ZzECx0tBFhA7Otdgsrn077KC1BOqW4F1A904u4kLnDg5zEtQC8-QKmrX36LFRn&_nc_zt=14&_nc_ht=scontent.fkul8-3.fna&_nc_gid=u5876W99JkoFjiT4XQkUBg&oh=00_AfRkbWaDCCmJ2D9sJdW1pc4pJy69pCER4G1ovnav9Wq7vg&oe=687DD95E|https://video.fkul8-1.fna.fbcdn.net/v/t42.1790-2/514138099_1063638088661124_8531498766337466468_n.mp4?_nc_cat=101&ccb=1-7&_nc_sid=c53f8f&_nc_ohc=89Y0ituYq64Q7kNvwH4wj1W&_nc_oc=Adl_RCTbfUCVb8VEo81OisPepp6jFrxZ6Az54khEY8lb8XFOTkl7jlStTFSXIAvVTaj8_i5_uZDpZnKUrD7SYnTs&_nc_zt=28&_nc_ht=video.fkul8-1.fna&_nc_gid=u5876W99JkoFjiT4XQkUBg&oh=00_AfQupJeaOI21TdVrTXFXf_3Fz4XJERvbRgWnodKqngXRWw&oe=687DC053,,,182.0,{},{}
AG1,GLOBAL,2025-07-17T02:59:45.591831,"AG1 by Athletic Greens
Sponsored
üö® The Next Generation of AG1 is HERE üö®
Most supplements aren't clinically-backed, but AG1 Next Gen is.

Backed by four human clinical trials, this new formula raises the standard with upgraded vitamins, minerals, and probiotics.

üíö Clinically shown to fill nutrient gaps
ü¶† Upgraded probiotic strains for gut support
‚ö° Bioavailable nutrients your body can absorb
ü•Ñ Still one scoop, once a day

Get started today & unlock:
‚úîÔ∏è 5 FREE Next Gen Travel Packs
‚úîÔ∏è FREE Bottle Vitamin D3+K2 Drops
‚úîÔ∏è FREE Welcome Kit + Shaker

‚Ä† Based on clinical studies in healthy adults ages 18‚Äì59, evaluating nutrient biomarkers, microbiome shifts, and bioavailability. Study designs and durations varied. For more information, visit our website.
0:00 / 0:06
Welcome to the Next Gen of Wellness
50k verified 5-star reviews for AG1 products
Get Offer",2,https://scontent.fkul8-3.fna.fbcdn.net/v/t39.35426-6/515508557_1034284168814232_1334989000431322746_n.jpg?stp=dst-jpg_s60x60_tt6&_nc_cat=107&ccb=1-7&_nc_sid=c53f8f&_nc_ohc=Y_DUihXh8NYQ7kNvwHD1aHT&_nc_oc=AdkoWO6Yr7WL_wKGLMWmwICZvv6b2P0NyptpFL-b9ZUK5y_ys1vyAJnqu3eo8FYYJ6lKLIj5WLrjWEmQfhMYR46q&_nc_zt=14&_nc_ht=scontent.fkul8-3.fna&_nc_gid=u5876W99JkoFjiT4XQkUBg&oh=00_AfSpdaDWsEq_fYg1A_VPQofgHCMDxWiRDEVL9FjTDq832Q&oe=687DC201|https://video.fkul8-2.fna.fbcdn.net/v/t42.1790-2/515496000_1071589951166034_6832936932425073712_n.mp4?_nc_cat=108&ccb=1-7&_nc_sid=c53f8f&_nc_ohc=_v7EHyL7f3kQ7kNvwHN-yG5&_nc_oc=AdnrmauavkRCCEaZrjmSVVZfyy7KH9aXAULBzMhIuAz1Tp3-xHiVVS_6U9exyRH-X4h_F5ozS0MgcaRCyJWs_ARp&_nc_zt=28&_nc_ht=video.fkul8-2.fna&_nc_gid=u5876W99JkoFjiT4XQkUBg&oh=00_AfTWjfiFs7nPBviLNGZpDfzlyAEog5kbBeZLwqO_da-KCw&oe=687DD8FF,,,182.0,{},{}
AG1,GLOBAL,2025-07-17T02:59:43.128696,"AG1 by Athletic Greens
Sponsored
Feeling off your game? AG1 Next Gen helps support steady energy and focus from the first tee to the final putt ‚Äî thanks to bioavailable nutrients and essential B vitamins, backed by clinical research.

‚ö° Steady energy, no mid-round crash
‚õ≥ Clinically shown to help fill key nutrient gaps‚Ä†
ü•Ñ One scoop replaces a cluttered supplement routine
üèåÔ∏è‚Äç‚ôÇÔ∏è Lightweight, easy to travel with on tournament days or golf trips

Subscribe today and get:
‚úîÔ∏è 5 FREE Travel Packs
‚úîÔ∏è FREE Vitamin D3+K2 Drops
‚úîÔ∏è FREE Canister + Shaker

‚Ä† Based on clinical studies in healthy adults ages 18‚Äì59, evaluating nutrient biomarkers, microbiome shifts, and bioavailability. Study designs and durations varied. For more information, visit our website.
0:00 / 0:34
Fuel Every Round. Backed by Science.
Trusted by 50,000+ verified 5-star reviewers
Shop Now",2,https://scontent.fkul8-3.fna.fbcdn.net/v/t39.35426-6/518739704_24368681689423984_8034529574791615715_n.jpg?stp=dst-jpg_s60x60_tt6&_nc_cat=104&ccb=1-7&_nc_sid=c53f8f&_nc_ohc=D3EziPDF4rkQ7kNvwH-xGpP&_nc_oc=AdnbFygrNcEswBKYMn4AEgmx6s31ot0mXenyQ8VHaMUHUGeUklUMZAewXRWd2pzfPPQcchwN3JaauO__0x0Aft8N&_nc_zt=14&_nc_ht=scontent.fkul8-3.fna&_nc_gid=2OsJHGundpxgfH6jpZ5eIQ&oh=00_AfRFWijffkUNiNVhNsjei7cTHdbzfXUBVLl4KzJR5dC0og&oe=687DBDFC|https://video.fkul8-4.fna.fbcdn.net/v/t42.1790-2/508882853_2500222873669870_6598789493292406366_n.mp4?_nc_cat=100&ccb=1-7&_nc_sid=c53f8f&_nc_ohc=HYLF7F9n04AQ7kNvwEfzrxx&_nc_oc=Admucj4Xjpz_TTrwDPjFSk30XX7VQTVdSjjbnwe3m7SuYqnaM5BdVxpTNkme8Xh-Ru9UsR22Lhpeu24CjwSDHjBA&_nc_zt=28&_nc_ht=video.fkul8-4.fna&_nc_gid=2OsJHGundpxgfH6jpZ5eIQ&oh=00_AfTg1n697MpeKkdpnyy9RbkyqgiEatKVrx5IBFQhuOgkWw&oe=687DCD72,,,181.8,{},{}
AG1,GLOBAL,2025-07-17T02:59:45.032534,"AG1 by Athletic Greens
Sponsored
Feeling off your game? AG1 Next Gen helps support steady energy and focus from the first tee to the final putt ‚Äî thanks to bioavailable nutrients and essential B vitamins, backed by clinical research.

‚ö° Steady energy, no mid-round crash
‚õ≥ Clinically shown to help fill key nutrient gaps‚Ä†
ü•Ñ One scoop replaces a cluttered supplement routine
üèåÔ∏è‚Äç‚ôÇÔ∏è Lightweight, easy to travel with on tournament days or golf trips

Subscribe today and get:
‚úîÔ∏è 5 FREE Travel Packs
‚úîÔ∏è FREE Vitamin D3+K2 Drops
‚úîÔ∏è FREE Canister + Shaker


‚Ä† Based on clinical studies in healthy adults ages 18‚Äì59, evaluating nutrient biomarkers, microbiome shifts, and bioavailability. Study designs and durations varied. For more information, visit our website.
Fuel Every Round. Backed by Science.
Trusted by 50,000+ verified 5-star reviewers
Get Offer",2,https://scontent.fkul8-5.fna.fbcdn.net/v/t39.35426-6/518272096_1267287604777375_807305545185717646_n.jpg?stp=dst-jpg_s60x60_tt6&_nc_cat=103&ccb=1-7&_nc_sid=c53f8f&_nc_ohc=UgbOoSiXDbUQ7kNvwH2H3uR&_nc_oc=AdmqsMC_lH3ckdQYBKkuM2mNhyGOXm89lqzwevmXgwpkWUCFiOIsveoBrYRVQtIm8gnC3oUKU8-augKYcJP3xcKR&_nc_zt=14&_nc_ht=scontent.fkul8-5.fna&_nc_gid=mRCsVzndYAjRIvDrppGF0w&oh=00_AfTKOD3eAm2pfedyrILFiEMrKtwgPCqU8791UOfff7Qx6Q&oe=687DB357|https://scontent.fkul8-3.fna.fbcdn.net/v/t39.35426-6/518354767_1686554438713283_7944406880155154416_n.jpg?stp=dst-jpg_s600x600_tt6&_nc_cat=105&ccb=1-7&_nc_sid=c53f8f&_nc_ohc=BJMBQqHKNQ0Q7kNvwHb2GRn&_nc_oc=AdkxQJNkn574mg9OpuHTHV5_RBDip8KD1sjYWGjKnWJIlo58zB4kQn_wrfEh2jMTVrqQ_Do5cv42Xq7GUJCcYNxm&_nc_zt=14&_nc_ht=scontent.fkul8-3.fna&_nc_gid=mRCsVzndYAjRIvDrppGF0w&oh=00_AfQ5sf73IBdhRrtiXSHbKGtXhCLMkOGJNLDehnJ8o4pJ_Q&oe=687DAFC5,,,179.8,{},{}
AG1,GLOBAL,2025-07-17T02:59:45.166020,"AG1 by Athletic Greens
Sponsored
Bereit, jeden Tag alles zu geben? AG1 unterst√ºtzt dich dabei.

AG1 ist ein kraftvoller N√§hrstoff-Boost, der wirkt.* Wissenschaftlich getestet. üßë‚Äçüî¨üî¨ 

Mit:
üíö Vitaminen
üíö Mineralstoffen
üíö Bakterienkulturen
üíö Ballaststoffen und Enzymen
üíö Hochwertigen Pilzen
üíö Nat√ºrlichen Pflanzenstoffen

Was, wenn du keinen Unterschied merkst?? Dann nutze ganz unkompliziert unsere Geld-zur√ºck-Garantie (g√ºltig innerhalb von 30 Tagen ab Bestellung). üôè So einfach.
Nur f√ºr kurze Zeit: Dein AG1 Willkommens-Kit im Abo ‚Äì
mit GRATIS:
üî• Shaker
üî• Edelstahldose
üî• Messl√∂ffel
üî• 10 Travel Packs f√ºr unterwegs

Auf dich und dein Potenzial, alles zu geben! üíØüí™

Schnapp‚Äô dir jetzt dein gratis Willkommens-Kit im AG1 Abo! üì¶ üëÄ
0:00 / 0:31
AG1: Erforscht, getestet, best√§tigt! ‚úÖ
Order Now",2,https://scontent.fkul8-2.fna.fbcdn.net/v/t39.35426-6/518300553_2282078378904726_991051699375231366_n.jpg?stp=dst-jpg_s60x60_tt6&_nc_cat=106&ccb=1-7&_nc_sid=c53f8f&_nc_ohc=O13f4WPKXuUQ7kNvwECSG_e&_nc_oc=Adm4zN7WlAye81g5TD3MpHZSDyIeCYQhtjCksjn677twzERVilkkkTuzbEJFvz_h4Xe62aL-WNnQo9j-1Zi4Jo5h&_nc_zt=14&_nc_ht=scontent.fkul8-2.fna&_nc_gid=0FSFvcJm-P7uutgyYv74Xw&oh=00_AfRPBe_ZcBuK_QWBHMKyf3xrrWYOcE9AzP6hFlbhkXzIqQ&oe=687DDADD|https://video.fkul8-2.fna.fbcdn.net/v/t42.1790-2/516378289_4136637026608623_333442057763525428_n.?_nc_cat=108&ccb=1-7&_nc_sid=c53f8f&_nc_ohc=nTShyg4lJqkQ7kNvwGGnvht&_nc_oc=AdlQFxDmv84zsS1V53F7djAJiIIIDPqdFBhUV3mh-JR8MmUvqHdjjdAzDSRr6z3ADF_oGZKRNeeeNeAIO1P7Z1Qp&_nc_zt=28&_nc_ht=video.fkul8-2.fna&_nc_gid=0FSFvcJm-P7uutgyYv74Xw&oh=00_AfS_SqE8sdebhqdfKiSieZHTYZbFYI8B_zv-4gHxLUJPCA&oe=687DD243,,,167.6,{},{}
AG1,GLOBAL,2025-07-17T02:59:46.174912,"AG1 by Athletic Greens
Sponsored
Struggling with bloating or gut discomfort? AG1 Next Gen is now clinically backed and features new probiotic strains and prebiotics designed to nourish your gut.

ü¶† Clinically studied probiotics to support gut health
‚ö° Upgraded formula for absorption
üíö Fills common nutrient gaps
ü•Ñ One scoop a day = simple, effective

Your gut reboot starts with these FREE extras:
‚úîÔ∏è 5 Upgraded Travel Packs
‚úîÔ∏è FREE Bottle Vitamin D3+K2 Drops
‚úîÔ∏è FREE Shaker + Canister

‚Ä† Based on clinical studies in healthy adults ages 18‚Äì59, evaluating nutrient biomarkers, microbiome shifts, and bioavailability. Study designs and durations varied. For more information, visit our website.
Next-Gen Gut Health Starts Here
50k verified 5-star reviews for AG1 products
Shop Now",2,https://scontent.fkul8-5.fna.fbcdn.net/v/t39.35426-6/506949015_719446223890310_4997542307608895786_n.jpg?stp=dst-jpg_s60x60_tt6&_nc_cat=102&ccb=1-7&_nc_sid=c53f8f&_nc_ohc=-_MuHUMTzHIQ7kNvwE-MG8R&_nc_oc=AdlwIUPBbdRh5rz1wJk4ic65fQPP4zAoABMx9KUF5H8IqEJjpqJwyzBeJDfK0oTc0jg7yhThvHu7Hs-Ek8FjAc6E&_nc_zt=14&_nc_ht=scontent.fkul8-5.fna&_nc_gid=Baxg7rnG5um4GsTIT41jjg&oh=00_AfRWq3g5Anu9KfGyaWFzE3u2OPo1Hj70eXVP8a7Q0b42_Q&oe=687DCE39|https://scontent.fkul8-3.fna.fbcdn.net/v/t39.35426-6/507123189_605624268650433_35724624560320428_n.jpg?stp=dst-jpg_s600x600_tt6&_nc_cat=104&ccb=1-7&_nc_sid=c53f8f&_nc_ohc=fumtJ7eaopoQ7kNvwFgyyRX&_nc_oc=Adlex-QpVlvf2WeKC5rrJ3_ohP8G0yf27r6n-VlZg6E48MCUoFDViqaxO2cN9hsBmHgq9oc0amF_a9yy6k25HD7U&_nc_zt=14&_nc_ht=scontent.fkul8-3.fna&_nc_gid=Baxg7rnG5um4GsTIT41jjg&oh=00_AfQ-60xwHnmywTAWxMPKWfDFAMXk4SgpJxR61YibhyZPgA&oe=687DC4C3,,,166.0,{},{}
AG1,GLOBAL,2025-07-17T02:59:46.211704,"AG1 by Athletic Greens
Sponsored
Struggling with bloating or gut discomfort? AG1 Next Gen is now clinically backed and features new probiotic strains and prebiotics designed to nourish your gut.

ü¶† Clinically studied probiotics to support gut health
‚ö° Upgraded formula for absorption
üíö Fills common nutrient gaps
ü•Ñ One scoop a day = simple, effective

Your gut reboot starts with these FREE extras:
‚úîÔ∏è 5 Upgraded Travel Packs
‚úîÔ∏è FREE Bottle Vitamin D3+K2 Drops
‚úîÔ∏è FREE Shaker + Canister

‚Ä† Based on clinical studies in healthy adults ages 18‚Äì59, evaluating nutrient biomarkers, microbiome shifts, and bioavailability. Study designs and durations varied. For more information, visit our website.
Next-Gen Gut Health Starts Here
50k verified 5-star reviews for AG1 products
Shop Now",2,https://scontent.fkul8-5.fna.fbcdn.net/v/t39.35426-6/505921871_1979754409432880_8767902189475470874_n.jpg?stp=dst-jpg_s60x60_tt6&_nc_cat=109&ccb=1-7&_nc_sid=c53f8f&_nc_ohc=h6_VM95zqagQ7kNvwHuQuZh&_nc_oc=AdmdYl8-XIIbK1x5-nVCds_-XTUzBhdc1dBzQngcCdrbNmE92dyEM3HgZji5DL5fcKFKQUO6cUfTLCMhVrOyeOmG&_nc_zt=14&_nc_ht=scontent.fkul8-5.fna&_nc_gid=Baxg7rnG5um4GsTIT41jjg&oh=00_AfTXJ38IL8l5B8TmMibScQMHl1TaW-zbB8n-BNAVfUMuHg&oe=687DBDF9|https://scontent.fkul8-5.fna.fbcdn.net/v/t39.35426-6/506424649_4245818332408267_5547828579366767623_n.jpg?stp=dst-jpg_s600x600_tt6&_nc_cat=109&ccb=1-7&_nc_sid=c53f8f&_nc_ohc=s-0tK1luOGwQ7kNvwEltgED&_nc_oc=Adkhh_luNEuESD3aDtWo-1_jf3lYzQhWGrHR0W8jR6HhF7gkRujrUAOgKbwoUguCfXSKncQGUHYWzL2FH-wXgkP-&_nc_zt=14&_nc_ht=scontent.fkul8-5.fna&_nc_gid=Baxg7rnG5um4GsTIT41jjg&oh=00_AfTivID_brOV91uIHf5cY4nkV0Y7tkrAvqoeJHSnzi8l2A&oe=687DD64C,,,166.0,{},{}
IM8,GLOBAL,2025-07-17T03:00:11.796975,"IM8 Health
Sponsored
At the top of the world, only the best will do. üåçüéæ

World No. 1 tennis champion Aryna Sabalenka fuels her body with IM8 Daily Ultimate Essentials‚Äîbecause peak performance demands more than talent. With 92 clinically dosed ingredients and NSF Certified purity, IM8 delivers elite recovery, energy, and focus in one powerful scoop.

Built by science. Trusted by champions.

üî• Experience the difference at im8health.com

*These statements have not been evaluated by the Food and Drug Administration. This product is not intended to diagnose, treat, cure, or prevent any disease.
0:00 / 1:18",2,https://scontent.fkul8-4.fna.fbcdn.net/v/t39.35426-6/516846507_2483914088641881_7455474210340844866_n.jpg?stp=dst-jpg_s60x60_tt6&_nc_cat=100&ccb=1-7&_nc_sid=c53f8f&_nc_ohc=PugNJSEW6YAQ7kNvwEFmk5r&_nc_oc=AdnQja8p55mi-NWm5hnCoFDVshUfz0cqKOI7Oue2KRfQ04W14qyeDegnVURWu6XBoRGQxs0gUqRv_YofKhb1UPJC&_nc_zt=14&_nc_ht=scontent.fkul8-4.fna&_nc_gid=GLnO6PtztgErxOGhDMLu8w&oh=00_AfSAp1Qj0_8x2gz5IQnaCv2tzORc7xkxWOqovQSBAieEZQ&oe=687DC345|https://video.fkul8-1.fna.fbcdn.net/v/t42.1790-2/514806690_713942457918011_6146059880612965935_n.?_nc_cat=101&ccb=1-7&_nc_sid=c53f8f&_nc_ohc=SoAC_J1OIM4Q7kNvwFjBgzF&_nc_oc=AdlkdLbQWS2GiMoEcxc2CFoBMwCDEQ3wvy5QgUzc0ERateFCO5Hlw1Y2aE0y7GiuNWBx8IlyebRv5EIJ9fbsFqE8&_nc_zt=28&_nc_ht=video.fkul8-1.fna&_nc_gid=GLnO6PtztgErxOGhDMLu8w&oh=00_AfRaPLuFvba_lPeJCoBek9fLcnBn88pr0pmF4MHuYCO0MA&oe=687DE25B,,,131.6,{},{}
IM8,GLOBAL,2025-07-17T03:00:11.833364,"IM8 Health
Sponsored
At the top of the world, only the best will do. üåçüéæ

World No. 1 tennis champion Aryna Sabalenka fuels her body with IM8 Daily Ultimate Essentials‚Äîbecause peak performance demands more than talent. With 92 clinically dosed ingredients and NSF Certified purity, IM8 delivers elite recovery, energy, and focus in one powerful scoop.

Built by science. Trusted by champions.

üî• Experience the difference at im8health.com

*These statements have not been evaluated by the Food and Drug Administration. This product is not intended to diagnose, treat, cure, or prevent any disease.
0:00 / 1:01",2,https://scontent.fkul8-3.fna.fbcdn.net/v/t39.35426-6/516470194_659287333942163_1833334026158630922_n.jpg?stp=dst-jpg_s60x60_tt6&_nc_cat=105&ccb=1-7&_nc_sid=c53f8f&_nc_ohc=_MFziCAo79kQ7kNvwEYNVEC&_nc_oc=AdndxkPmXwmGMmU7Kw2gQkuynF9YUtIlzSjt4ft6kCiU1ujB7fiG3YfL_LgWd1-Eoqy2ho2aVt-j_mq9bGy6AzLO&_nc_zt=14&_nc_ht=scontent.fkul8-3.fna&_nc_gid=GLnO6PtztgErxOGhDMLu8w&oh=00_AfQt3uTVKIxDLbHvvk1-u3D-OB9RnfpmXEbFfzIjHnmrng&oe=687DC16F|https://video.fkul8-1.fna.fbcdn.net/v/t42.1790-2/518240330_3688474677953120_281970059752629517_n.?_nc_cat=111&ccb=1-7&_nc_sid=c53f8f&_nc_ohc=J6mjiA3OHjYQ7kNvwFTckOT&_nc_oc=AdkbmlLZDYceDl1pJ9ByfXGUnLYdUIgsu8sEDr5AuJN0mpoU_OTiby7PXmQ6_jEdyCOBOumnE67xDaamI8naTNOV&_nc_zt=28&_nc_ht=video.fkul8-1.fna&_nc_gid=GLnO6PtztgErxOGhDMLu8w&oh=00_AfTMXquJxecLF6jdat2u-1HX6VuPzKyk89ZJj9C_xGLTjg&oe=687DAFF3,,,131.6,{},{}
IM8,GLOBAL,2025-07-17T03:00:11.869516,"IM8 Health
Sponsored
At the top of the world, only the best will do. üåçüéæ

World No. 1 tennis champion Aryna Sabalenka fuels her body with IM8 Daily Ultimate Essentials‚Äîbecause peak performance demands more than talent. With 92 clinically dosed ingredients and NSF Certified purity, IM8 delivers elite recovery, energy, and focus in one powerful scoop.

Built by science. Trusted by champions.

üî• Experience the difference at im8health.com

*These statements have not been evaluated by the Food and Drug Administration. This product is not intended to diagnose, treat, cure, or prevent any disease.
0:00 / 1:09",2,https://scontent.fkul8-4.fna.fbcdn.net/v/t39.35426-6/516309568_1309632347188087_2273256253683388684_n.jpg?stp=dst-jpg_s60x60_tt6&_nc_cat=100&ccb=1-7&_nc_sid=c53f8f&_nc_ohc=3G2kzDvOiLIQ7kNvwEOnh4D&_nc_oc=Adn31jlzh-_V2Owt48N0AuKqLsBbAjt31ywFXiu_J3wwjjIoD9bgXg9lSDhIu-4a9ojPWjQzQweg5G4n_K92yDKX&_nc_zt=14&_nc_ht=scontent.fkul8-4.fna&_nc_gid=GLnO6PtztgErxOGhDMLu8w&oh=00_AfRN7FmkLzzq96xiuCHqHEPisvtT1IDJsRR-JEfurDa-5w&oe=687DB2FB|https://video.fkul8-4.fna.fbcdn.net/v/t42.1790-2/517545589_1412437876667673_703391877078066796_n.?_nc_cat=100&ccb=1-7&_nc_sid=c53f8f&_nc_ohc=zya5dJDBAlAQ7kNvwEmR8m0&_nc_oc=AdnUglc2Hw0uUb-GW0ShFgXHJCXB9Pd3z-CKEenDI74rLAJ2rNnzHObv132l8Fi0XOuEnMthP8itY7CL6RCQsb5T&_nc_zt=28&_nc_ht=video.fkul8-4.fna&_nc_gid=GLnO6PtztgErxOGhDMLu8w&oh=00_AfRu0rqvuj-_hVnGmO8kdeZD0pBX_k79O2KWPzsw5phpFA&oe=687DC933,,,131.6,{},{}
IM8,GLOBAL,2025-07-17T03:00:11.908340,"IM8 Health
Sponsored
At the top of the world, only the best will do. üåçüéæ

World No. 1 tennis champion Aryna Sabalenka fuels her body with IM8 Daily Ultimate Essentials‚Äîbecause peak performance demands more than talent. With 92 clinically dosed ingredients and NSF Certified purity, IM8 delivers elite recovery, energy, and focus in one powerful scoop.

Built by science. Trusted by champions.

üî• Experience the difference at im8health.com

*These statements have not been evaluated by the Food and Drug Administration. This product is not intended to diagnose, treat, cure, or prevent any disease.
0:00 / 1:12",2,https://scontent.fkul8-1.fna.fbcdn.net/v/t39.35426-6/517330958_4164484853783713_6786705788450309514_n.jpg?stp=dst-jpg_s60x60_tt6&_nc_cat=101&ccb=1-7&_nc_sid=c53f8f&_nc_ohc=B4akVILoIU0Q7kNvwH4U_1Y&_nc_oc=AdniE6qcvGEaU_bJcDPl-ItheLul8F_8s00IkEtOvbbtHFlism0gWQE2IXAgDu4ygavjafBE_m7QipW2Rj_uU-vj&_nc_zt=14&_nc_ht=scontent.fkul8-1.fna&_nc_gid=GLnO6PtztgErxOGhDMLu8w&oh=00_AfQzyNAFffZc5IGJxpoRT1u5XiUJoXk83PJIaW_khDza7Q&oe=687DB409|https://video.fkul8-5.fna.fbcdn.net/v/t42.1790-2/516794593_3966415870289129_2543438990613059609_n.?_nc_cat=109&ccb=1-7&_nc_sid=c53f8f&_nc_ohc=65TlzcgxzkcQ7kNvwF4Rrzq&_nc_oc=Adm2GcjUHIjstODmtE-6FdYabmXiUDFUh0LNqGG6oM5yfcteo2bNJLoj8DS1mtfvTBP3v35LJDj4CcYbZdAHZHVZ&_nc_zt=28&_nc_ht=video.fkul8-5.fna&_nc_gid=GLnO6PtztgErxOGhDMLu8w&oh=00_AfTSscu39vGYB3RYP8SqC13-BeK8FkI_42wMDrEXm-C8mA&oe=687DB644,,,131.6,{},{}
IM8,GLOBAL,2025-07-17T03:00:11.951120,"IM8 Health
Sponsored
At the top of the world, only the best will do. üåçüéæ

World No. 1 tennis champion Aryna Sabalenka fuels her body with IM8 Daily Ultimate Essentials‚Äîbecause peak performance demands more than talent. With 92 clinically dosed ingredients and NSF Certified purity, IM8 delivers elite recovery, energy, and focus in one powerful scoop.

Built by science. Trusted by champions.

üî• Experience the difference at im8health.com

*These statements have not been evaluated by the Food and Drug Administration. This product is not intended to diagnose, treat, cure, or prevent any disease.
0:00 / 1:20",2,https://scontent.fkul8-5.fna.fbcdn.net/v/t39.35426-6/516871104_722338573730867_1922782906474001998_n.jpg?stp=dst-jpg_s60x60_tt6&_nc_cat=103&ccb=1-7&_nc_sid=c53f8f&_nc_ohc=eJV91O9i8oUQ7kNvwGTpuWE&_nc_oc=Admd1j087oLPDyYeFwaCJKO2Co-LlWst0_nkeUaWLO66BZsRY9ILZIm5CXMoAKj_t4z6yAWZUL1bXJiMdjXoTpAO&_nc_zt=14&_nc_ht=scontent.fkul8-5.fna&_nc_gid=GLnO6PtztgErxOGhDMLu8w&oh=00_AfQwIp-0Pd7Y4JOY18bzWxLQCq3luRMEqK9y2SLsaLN1eA&oe=687DB856|https://video.fkul8-1.fna.fbcdn.net/v/t42.1790-2/517306549_1088140749920418_4258060223451632621_n.?_nc_cat=111&ccb=1-7&_nc_sid=c53f8f&_nc_ohc=ONXzhkxtjPYQ7kNvwFowpLb&_nc_oc=AdnW0K0wNrBQnpPeHz1G7rV06PAflassqr74YW3pqdzKg50d4wAuEdqSs623U8BfCunkfxyAMtVLgmf3j7cP3X9x&_nc_zt=28&_nc_ht=video.fkul8-1.fna&_nc_gid=GLnO6PtztgErxOGhDMLu8w&oh=00_AfQEIDkYAZ4iqWrypsxUKGaN_vMiMOBRASkcEv6dG8eazA&oe=687DB8FC,,,131.6,{},{}
IM8,GLOBAL,2025-07-17T03:00:11.992657,"IM8 Health
Sponsored
At the top of the world, only the best will do. üåçüéæ

World No. 1 tennis champion Aryna Sabalenka fuels her body with IM8 Daily Ultimate Essentials‚Äîbecause peak performance demands more than talent. With 92 clinically dosed ingredients and NSF Certified purity, IM8 delivers elite recovery, energy, and focus in one powerful scoop.

Built by science. Trusted by champions.

üî• Experience the difference at im8health.com

*These statements have not been evaluated by the Food and Drug Administration. This product is not intended to diagnose, treat, cure, or prevent any disease.
0:00 / 1:34",2,https://scontent.fkul8-3.fna.fbcdn.net/v/t39.35426-6/517460311_1149785186985407_5868070626227596998_n.jpg?stp=dst-jpg_s60x60_tt6&_nc_cat=107&ccb=1-7&_nc_sid=c53f8f&_nc_ohc=Djf9K3GlrigQ7kNvwHYX4A_&_nc_oc=Adn09_TvijEaeBNqLnhxe3tqZsDtPRZVZcvwUERpM0SI1bZBFKv5L6m5BsdYwlw_S70edYV19-gXqxX_ACQ0KXDd&_nc_zt=14&_nc_ht=scontent.fkul8-3.fna&_nc_gid=GLnO6PtztgErxOGhDMLu8w&oh=00_AfQ3BBLCYv9uOHt0HevBmXCFCg_0rshuDJ5LPJsPdtRZ3w&oe=687DBD7E|https://video.fkul8-1.fna.fbcdn.net/v/t42.1790-2/516499090_1206307204515781_4275611234697807650_n.?_nc_cat=101&ccb=1-7&_nc_sid=c53f8f&_nc_ohc=u0tyVigPsQoQ7kNvwHZax_d&_nc_oc=Adno6iOOCUe85OX9xxYMWh6ABrvtRfjE1z9od7rYOpJIQ-6XOb8wiZocCaSq6uax4BGh08zDjc0Xvw_Dd4vuyZBS&_nc_zt=28&_nc_ht=video.fkul8-1.fna&_nc_gid=GLnO6PtztgErxOGhDMLu8w&oh=00_AfRMBNg8oL8jMQdFrE1Htg6ejXhpUK539wu0ENIHVqBiVg&oe=687DAF4A,,,131.6,{},{}
IM8,GLOBAL,2025-07-17T03:00:12.031296,"IM8 Health
Sponsored
At the top of the world, only the best will do. üåçüéæ

World No. 1 tennis champion Aryna Sabalenka fuels her body with IM8 Daily Ultimate Essentials‚Äîbecause peak performance demands more than talent. With 92 clinically dosed ingredients and NSF Certified purity, IM8 delivers elite recovery, energy, and focus in one powerful scoop.

Built by science. Trusted by champions.

üî• Experience the difference at im8health.com

*These statements have not been evaluated by the Food and Drug Administration. This product is not intended to diagnose, treat, cure, or prevent any disease.
0:00 / 2:16",2,https://scontent.fkul8-3.fna.fbcdn.net/v/t39.35426-6/516733543_728154786847591_3919931410232554810_n.jpg?stp=dst-jpg_s60x60_tt6&_nc_cat=105&ccb=1-7&_nc_sid=c53f8f&_nc_ohc=qqboIXi-ht0Q7kNvwH-UQzi&_nc_oc=AdnoJctjI0JENbRJ8t6I4qlog09Y_K-U9sOEiIPJ-yLZ7wNH6XjB3V-QEx7wUqvtldmvw_CALt7HRtXec0xUDb1J&_nc_zt=14&_nc_ht=scontent.fkul8-3.fna&_nc_gid=GLnO6PtztgErxOGhDMLu8w&oh=00_AfTR5Hc-2t_lO3v3lMLWSVS-0sAPS1nUDadpyFpRy-z_iQ&oe=687DE52C|https://video.fkul8-2.fna.fbcdn.net/v/t42.1790-2/514956619_1052512353262846_6133603716520395888_n.?_nc_cat=108&ccb=1-7&_nc_sid=c53f8f&_nc_ohc=RlTRPQ3n3toQ7kNvwF2iFl0&_nc_oc=AdmyNcsLCNTRUYwwVkxP5Aaw6dpHy2iht8D90kRELYpJzHYUx-AQYqWUni5G2T-wCN_tEJGROaehwSfECPJjSj2-&_nc_zt=28&_nc_ht=video.fkul8-2.fna&_nc_gid=GLnO6PtztgErxOGhDMLu8w&oh=00_AfRMx-rJraUY34uNU1K4RMmeLwU0Ai9NbwVPcAxLNZqtEA&oe=687DCAF4,,,131.6,{},{}
IM8,GLOBAL,2025-07-17T03:00:12.073406,"IM8 Health
Sponsored
At the top of the world, only the best will do. üåçüéæ

World No. 1 tennis champion Aryna Sabalenka fuels her body with IM8 Daily Ultimate Essentials‚Äîbecause peak performance demands more than talent. With 92 clinically dosed ingredients and NSF Certified purity, IM8 delivers elite recovery, energy, and focus in one powerful scoop.

Built by science. Trusted by champions.

üî• Experience the difference at im8health.com

*These statements have not been evaluated by the Food and Drug Administration. This product is not intended to diagnose, treat, cure, or prevent any disease.
0:00 / 2:16",2,https://scontent.fkul8-2.fna.fbcdn.net/v/t39.35426-6/517379149_718620314280061_3301383330963147353_n.jpg?stp=dst-jpg_s60x60_tt6&_nc_cat=106&ccb=1-7&_nc_sid=c53f8f&_nc_ohc=Kkh8bPfk8sMQ7kNvwGlufvA&_nc_oc=AdmDm_wyRG2-cwWpmwZu8xHHwSEXGyJS2Sz3D_gVNz-pglhYV4UX1BEE3hnbie0iQ0JIMnBblSOy6ye0d5FPPCxA&_nc_zt=14&_nc_ht=scontent.fkul8-2.fna&_nc_gid=GLnO6PtztgErxOGhDMLu8w&oh=00_AfTxaWmIfWp0A6cLx4ubxLP9tdkXjY0gS1uOqBU3E89kZQ&oe=687DC840|https://video.fkul8-3.fna.fbcdn.net/v/t42.1790-2/515252378_1234687121488025_7960206529540820226_n.?_nc_cat=104&ccb=1-7&_nc_sid=c53f8f&_nc_ohc=OSZVqFtvJoMQ7kNvwE09kE2&_nc_oc=Adnsfg7VAiF_TXApiLYxoCWB6epCw6wcf6KyidQ1fTKAujQc_INq0ZNJixMSi2NcbYW6jTVUp5dMFsJNuvpyKL45&_nc_zt=28&_nc_ht=video.fkul8-3.fna&_nc_gid=GLnO6PtztgErxOGhDMLu8w&oh=00_AfT1scf4E30BtMJDTJnrKbmLzUOExjguCdczUf3dEvmouQ&oe=687DD43C,,,131.6,{},{}
IM8,GLOBAL,2025-07-17T03:00:12.123317,"IM8 Health
Sponsored
At the top of the world, only the best will do. üåçüéæ

World No. 1 tennis champion Aryna Sabalenka fuels her body with IM8 Daily Ultimate Essentials‚Äîbecause peak performance demands more than talent. With 92 clinically dosed ingredients and NSF Certified purity, IM8 delivers elite recovery, energy, and focus in one powerful scoop.

Built by science. Trusted by champions.

üî• Experience the difference at im8health.com

*These statements have not been evaluated by the Food and Drug Administration. This product is not intended to diagnose, treat, cure, or prevent any disease.
0:00 / 2:07",2,https://scontent.fkul8-5.fna.fbcdn.net/v/t39.35426-6/516940698_2453011241765119_4121611566943140285_n.jpg?stp=dst-jpg_s60x60_tt6&_nc_cat=102&ccb=1-7&_nc_sid=c53f8f&_nc_ohc=OajnB8Ri97YQ7kNvwGbpSwI&_nc_oc=Adn3AChZOghPD0QOaR6xfeCG98COCDgGmOLuE0t3zCMpeDp8fBJtZfx3gAlZZMgXV6L9nsgbhPwiSh1FSEBvh1xC&_nc_zt=14&_nc_ht=scontent.fkul8-5.fna&_nc_gid=GLnO6PtztgErxOGhDMLu8w&oh=00_AfR2_gd_JbqBKvYpS5lhsLw9b_hpzyej_KrGp4NhGzWjqA&oe=687DDAE6|https://video.fkul8-3.fna.fbcdn.net/v/t42.1790-2/515660887_753828517094510_8477916635723853846_n.?_nc_cat=105&ccb=1-7&_nc_sid=c53f8f&_nc_ohc=jMYLF-c-ZrYQ7kNvwE4c3cL&_nc_oc=Adkc-vf9rTfBd94_wyC-5HYyc1sufAv1B_mtOX_5Jhj6rmj5UN7Neg75iXHQFUUlmYxYtNvCrVLUVW53az3mViCN&_nc_zt=28&_nc_ht=video.fkul8-3.fna&_nc_gid=GLnO6PtztgErxOGhDMLu8w&oh=00_AfRzfhsGRsePCbbA6MR4TajJDnUmqRzBYfu3lfVQxYcbvw&oe=687DB91D,,,131.6,{},{}
IM8,GLOBAL,2025-07-17T03:00:12.172868,"IM8 Health
Sponsored
At the top of the world, only the best will do. üåçüéæ

World No. 1 tennis champion Aryna Sabalenka fuels her body with IM8 Daily Ultimate Essentials‚Äîbecause peak performance demands more than talent. With 92 clinically dosed ingredients and NSF Certified purity, IM8 delivers elite recovery, energy, and focus in one powerful scoop.

Built by science. Trusted by champions.

üî• Experience the difference at im8health.com

*These statements have not been evaluated by the Food and Drug Administration. This product is not intended to diagnose, treat, cure, or prevent any disease.
0:00 / 1:06",2,https://scontent.fkul8-2.fna.fbcdn.net/v/t39.35426-6/517503090_749942730891148_7225120290360009118_n.jpg?stp=dst-jpg_s60x60_tt6&_nc_cat=106&ccb=1-7&_nc_sid=c53f8f&_nc_ohc=7Vr5wcegEuoQ7kNvwFIKyRc&_nc_oc=Adn2as9V6YDuTzk1zOLSz9oALhAusX0eKylyogw_r-eLU08o7QXb0FuwXyi3Wee1_dRl1EXmx_fUc8aZBfgBSRGx&_nc_zt=14&_nc_ht=scontent.fkul8-2.fna&_nc_gid=GLnO6PtztgErxOGhDMLu8w&oh=00_AfQAPMR2io1TDEq-n5ZKhCqmBfI8dCmdyfzvIHGqNFQr4A&oe=687DBDEF|https://video.fkul8-3.fna.fbcdn.net/v/t42.1790-2/516099318_1270916117902679_4820645642293246740_n.?_nc_cat=104&ccb=1-7&_nc_sid=c53f8f&_nc_ohc=Ig-LC_H_V2QQ7kNvwFU3WJ4&_nc_oc=AdmMFwIzs2OYzi0jIF988KhKtb4dxYQ66fRTtX8mbcW4s04CAnfuvEVQBoFZD5mzZzgg_gWpDDGd-45cmmexALfz&_nc_zt=28&_nc_ht=video.fkul8-3.fna&_nc_gid=GLnO6PtztgErxOGhDMLu8w&oh=00_AfSoRNoKb6r7Wyh8V6jDKwb_Rt1YC9tLECGg46ctcz0tbA&oe=687DDFB4,,,131.6,{},{}
Loop,GLOBAL,2025-07-17T03:00:21.784985,"LOOP Mission
Sponsored
Heat‚Äôs heavy. Refreshment‚Äôs ready. That‚Äôs LOOP. üòé

18 ultra-refreshing drinks to hydrate, energize, and totally hit the spot.

‚úÖ Spark joy (and hydration) on hot days
‚úÖ Sip smarter, not just sweeter
‚úÖ Instant refreshment, after the first sip
‚úÖ From brunch to happy hour, it's your new sidekick
‚úÖ And yep, every bottle fights food waste

All that for only $69,99.
New Summer Pack
Shop Now",2,https://scontent.fkul8-2.fna.fbcdn.net/v/t39.35426-6/504512634_1312176957155937_6708947458826946547_n.jpg?stp=dst-jpg_s60x60_tt6&_nc_cat=106&ccb=1-7&_nc_sid=c53f8f&_nc_ohc=Dm2Q76pS-1oQ7kNvwGdXcy8&_nc_oc=AdniEnQGiEFKUo26qAXpyBX_llxonpAJ_FlKaOO98howAfz7U5a4UIq31s126lu6F40ViINwFpgwc4wBICJK1T-U&_nc_zt=14&_nc_ht=scontent.fkul8-2.fna&_nc_gid=046ZBXVYRLZzN-v7JGmjxA&oh=00_AfRgYDjVX7FzmBtxU9pkY4vGWWB0uF_y2MkIHXjyI5hl7w&oe=687DADA6|https://scontent.fkul8-5.fna.fbcdn.net/v/t39.35426-6/504905778_687273734273380_6230357635186550754_n.jpg?stp=dst-jpg_s600x600_tt6&_nc_cat=102&ccb=1-7&_nc_sid=c53f8f&_nc_ohc=jIxBmZqtn7MQ7kNvwHGcfuV&_nc_oc=AdkXsEUkid3K4ejqpW3fpETifz9K_H6UsIA0nSj9iLLyaO5XspPhrOKgXw_u6b1TRVdYaD5pYqUnFbVKPM6A0f7G&_nc_zt=14&_nc_ht=scontent.fkul8-5.fna&_nc_gid=046ZBXVYRLZzN-v7JGmjxA&oh=00_AfRlklEPshe2ZVOKiZi7kNvnD8UcG23bBXwKONVA7Uj7Vw&oe=687DCB04,,,92.0,{},{}
Loop,GLOBAL,2025-07-17T03:00:21.722070,"LOOP Mission
Sponsored
NEW! SUMMER PACK üò≤
Thirsty for better this summer? We've got you. The LOOP Summer Pack is filled with 18 ultra refreshing drinks to quick start the hot season.

With delicious sparkling iced teas, probiotic sodas, and cold-pressed lemonades, consider this pack your heatwave hero.

Only $69.99 üî•
SUMMER PACK ONLY $69,99 üí¶
Find your summer faves to keep you cool all season long
Shop Now",2,https://scontent.fkul8-2.fna.fbcdn.net/v/t39.35426-6/504051318_1480575679605081_1871711887747003800_n.jpg?stp=dst-jpg_s60x60_tt6&_nc_cat=106&ccb=1-7&_nc_sid=c53f8f&_nc_ohc=a14janjEFgUQ7kNvwHAXUiP&_nc_oc=AdkHo1T6DCrSdKAxOFlBAi4XDiur26BvKpI6L8eFQabRUGci_krL1B82dXXYQOmVygrlbgYlEp4ALFHOupZ9nvRX&_nc_zt=14&_nc_ht=scontent.fkul8-2.fna&_nc_gid=046ZBXVYRLZzN-v7JGmjxA&oh=00_AfTwXsek5F_1P566Imc8Wxo41YtgxQQlUUjOGK500t3rVg&oe=687DB928|https://scontent.fkul8-2.fna.fbcdn.net/v/t39.35426-6/504083174_2262113607524756_5963922756107476177_n.jpg?stp=dst-jpg_s600x600_tt6&_nc_cat=106&ccb=1-7&_nc_sid=c53f8f&_nc_ohc=QnJvgaCox24Q7kNvwEDaAai&_nc_oc=AdljBnK8Ee_rzrhmPPt5ZfCb-Lf3-vKRRGTJA04flpv2zQhwPAskrgy7fHdaVRR8WVF0j-aKYR3hsfmh0T10snbT&_nc_zt=14&_nc_ht=scontent.fkul8-2.fna&_nc_gid=046ZBXVYRLZzN-v7JGmjxA&oh=00_AfRAWwLYazz6lmPx1TNBaO4Z7-EyeypSgE9z-S2YWUxSqQ&oe=687DB3FB,,,91.8,{},{}
Loop,GLOBAL,2025-07-17T03:00:21.685742,"LOOP Mission
Sponsored
Your new summer obsession for 2025 ü•µ
This is hands down my favorite drink box for staying hydrated & energized all summer long.

üçã Whole, fresh & upcycled fruits
üåç Proudly made in Canada
üöö Free shipping
üí∏ Only $69.99
ü§ù Extra 10% off with a subscription
0:00 / 0:38
ONLY $69,99 üí¶
Make summer yours
Shop Now",2,https://scontent.fkul8-2.fna.fbcdn.net/v/t39.35426-6/505121165_1717603942200239_5532363724738215133_n.jpg?stp=dst-jpg_s60x60_tt6&_nc_cat=110&ccb=1-7&_nc_sid=c53f8f&_nc_ohc=ajQ7j7JHNswQ7kNvwFQEfdn&_nc_oc=Adm_vdUWQuYZr532VwLOysAQQ96N68zjPhHkbKf_i30lAVtF7N5lfKb1PY9O-mMu0GUO37Gl7nYlGObd5ppXRmtf&_nc_zt=14&_nc_ht=scontent.fkul8-2.fna&_nc_gid=046ZBXVYRLZzN-v7JGmjxA&oh=00_AfS4TA_A497zBfLZjBGbDRu8lYT-YWy297bp1tsIDHVB-w&oe=687DD8B2|https://video.fkul8-5.fna.fbcdn.net/v/t42.1790-2/506051327_1014850107341606_4050139928079244767_n.mp4?_nc_cat=102&ccb=1-7&_nc_sid=c53f8f&_nc_ohc=-XsJh9yawx4Q7kNvwGqZ6DS&_nc_oc=Adlm9x5yvPH-yJXGnNqADPCVfkUIYChNjjMgJGMw-ShVCuzE89UhjBnExMvp7-NkneMsv8_cXhe2vb1CI8AfMtxp&_nc_zt=28&_nc_ht=video.fkul8-5.fna&_nc_gid=046ZBXVYRLZzN-v7JGmjxA&oh=00_AfTeZCe78K9p-f_2_UpVLfZvD2clKDLc-L0xxUORHnjkXg&oe=687DE490,,,75.6,{},{}
Loop,GLOBAL,2025-07-17T03:00:21.753969,"LOOP Mission
Sponsored
20% off on everything! ü•µ

Drinks that actually quench your thirst.
No fluff, no waste. Just real, good flavor. üçì

Pssst‚Ä¶ just saying, but they‚Äôre made with real strawberries from Quebec. ü•µ

CODE: THIRSTY2025
Hydration in a bottle üí¶
20% off on everything! ü•µ
Shop Now",2,https://scontent.fkul8-5.fna.fbcdn.net/v/t39.35426-6/503828325_1018320863833246_2274584773361132118_n.jpg?stp=dst-jpg_s60x60_tt6&_nc_cat=102&ccb=1-7&_nc_sid=c53f8f&_nc_ohc=L7IEoEfEOhsQ7kNvwH9gYOd&_nc_oc=Adl9p_zJF61vHzid8fibFYMB1Y9Mx-0UKBzGzEs_ukbIcd6Nvja_EQCPeRA734ksKX1gycKkD84mAEReR0FJhivT&_nc_zt=14&_nc_ht=scontent.fkul8-5.fna&_nc_gid=046ZBXVYRLZzN-v7JGmjxA&oh=00_AfQafUqAZyNfAlhz5al9i-1VvbHl532CGf9UI9KV4ljOkw&oe=687DDF50|https://scontent.fkul8-3.fna.fbcdn.net/v/t39.35426-6/504534008_1047710014132518_2143579118937709533_n.jpg?stp=dst-jpg_s600x600_tt6&_nc_cat=105&ccb=1-7&_nc_sid=c53f8f&_nc_ohc=9O8CbyM1X6IQ7kNvwHgu26l&_nc_oc=AdlnI_tP7x52tm2U7vxnGVQK4hJ9uJz4j-N1EN9GtPSFNVqQISGLR8bH-a9cZ-uAugFe0AVQHfx5AQACnsSzeOqy&_nc_zt=14&_nc_ht=scontent.fkul8-3.fna&_nc_gid=046ZBXVYRLZzN-v7JGmjxA&oh=00_AfRjUQUov8EM2uhZFXnsPU29jyTvcKJDYeSXjrQPzyofzg&oe=687DE43C,,,67.6,{},{}
Loop,GLOBAL,2025-07-17T03:00:21.815397,"LOOP Mission
Sponsored
No need to be a wellness guru to give it a try. Our 1-day, 2-day, and 3-day Rainbow Juice Cleanses were designed to be simple, fun, and invigorating while fighting food waste.
Learn More",2,https://scontent.fkul8-2.fna.fbcdn.net/v/t39.35426-6/425848026_722352919963768_151144835505549743_n.jpg?stp=dst-jpg_s60x60_tt6&_nc_cat=108&ccb=1-7&_nc_sid=c53f8f&_nc_ohc=hfq36wsHrsUQ7kNvwF1yCQn&_nc_oc=Adkwn0rXEG7NJKS2OQwwfsk0hCGC2PuDIlmHp4CnorpQA7qZ2IeMBaSeUwWPHIqyZC-i-V6xaUsLC2s6Ix54aWOn&_nc_zt=14&_nc_ht=scontent.fkul8-2.fna&_nc_gid=046ZBXVYRLZzN-v7JGmjxA&oh=00_AfT8h8f_0FAvuxdDe6wkmAWM0WayE4z6PF2MYMRbv2lifA&oe=687DCEA6|https://scontent.fkul8-4.fna.fbcdn.net/v/t39.35426-6/426044294_881662767073241_8986900600392153689_n.jpg?stp=dst-jpg_s600x600_tt6&_nc_cat=100&ccb=1-7&_nc_sid=c53f8f&_nc_ohc=eSdYCcKbsbcQ7kNvwGAEI1e&_nc_oc=AdmxW-HOML-xejffMoZOOmS5nVVAddhn0cjO9QO5poPS4K2BAa4fHkCOkk7aGkAdUw4oXikHLf-Wm9K7srrpqlBm&_nc_zt=14&_nc_ht=scontent.fkul8-4.fna&_nc_gid=046ZBXVYRLZzN-v7JGmjxA&oh=00_AfT_7Lkfm0nftj8V-e0WpEd3XHTo6RxgOo5dh3A6ih9yZA&oe=687DBA1E,,,51.8,{},{}
